Unnamed: 0,File_name,Speech,label,Attitude Fragment,Predicted Argument or Not,Predicted Argument,Predicted_Labels,claim_premise_predictions
0,UNSC_2014_SPV.7138_spch020_sentsplit_Russian_Federation,Some colleagues today have achieved high levels of rhetoric.,none,,1,Arg,1,Premise
1,UNSC_2014_SPV.7138_spch020_sentsplit_Russian_Federation,I must mention that the Ukrainian colleague nevertheless went far beyond anything permissible.,judgement_positive,I must mention,1,Arg,0,Claim
2,UNSC_2014_SPV.7138_spch020_sentsplit_Russian_Federation,"Ifone is to speak ofblood, indeed the blood is not on our hands but on the hands of his friends the nationalist radicals - the blood of those Ukrainians who were shot by snipers on days in February of this year - whose ideological fathers he defended not very long ago in the halls of the United Nations, stating that Nazi Ukranian henchmen did not kill anyone and that those were falsehoods made up by the Soviet Union.",judgement_negative,henchmen,1,Arg,1,Premise
4,UNSC_2014_SPV.7138_spch020_sentsplit_Russian_Federation,"Colleagues that have taken the floor discussed poorly developed arguments, on the whole - it was not the argumentation put forward by my delegation, but distorted images or elements of our position.",judgement_negative,distorted,1,Arg,1,Premise
5,UNSC_2014_SPV.7138_spch020_sentsplit_Russian_Federation,I will not comment on everything heard today - all of the highly unacceptable comments.,judgement_negative,unacceptable,1,Arg,0,Claim
7,UNSC_2014_SPV.7138_spch020_sentsplit_Russian_Federation,The French colleague did not notice the smallest hint of violence in Ukraine.,none,,1,Arg,1,Premise
8,UNSC_2014_SPV.7138_spch020_sentsplit_Russian_Federation,"It is possible that he was unaware of what occurred on Saturday in Kharkiv, where two citizens were killed by fighters from other regions of Ukraine.",none,,1,Arg,1,Premise
9,UNSC_2014_SPV.7138_spch020_sentsplit_Russian_Federation,"In fact, the violence had to be noted as it took place during this month in Kyiv and in other regions of the country.",none,,1,Arg,1,Premise
10,UNSC_2014_SPV.7138_spch020_sentsplit_Russian_Federation,There is a continuing threat of violence and a continuing threat of it spreading to other regions okaraine.,appreciation_negative,threat,1,Arg,1,Premise
11,UNSC_2014_SPV.7138_spch020_sentsplit_Russian_Federation,"Yet the violence has not occurred in Crimea, due to measures taken there.",none,,1,Arg,0,Claim
12,UNSC_2014_SPV.7138_spch020_sentsplit_Russian_Federation,The Permanent Representative of the United States blamed Russia for illegally pursuing its ambitions.,none,,1,Arg,1,Premise
13,UNSC_2014_SPV.7138_spch020_sentsplit_Russian_Federation,That does not apply to us; it is a phrase taken from the foreign policy arsenal of the United States.,none,,1,Arg,0,Claim
14,UNSC_2014_SPV.7138_spch020_sentsplit_Russian_Federation,Ms. Power spoke of truth.,none,,1,Arg,0,Claim
15,UNSC_2014_SPV.7138_spch020_sentsplit_Russian_Federation,"The world would be very interested to know if Washington, DC, would in fact tell the truth about its role in the development of the crisis in Ukraine.",appreciation_negative,would in fact tell the truth,1,Arg,0,Claim
18,UNSC_2014_SPV.7138_spch020_sentsplit_Russian_Federation,"To conclude, one of our colleagues said that Kyiv had extended a hand to Moscow and that we had refused to reciprocate.",none,,1,Arg,1,Premise
19,UNSC_2014_SPV.7138_spch020_sentsplit_Russian_Federation,"But the problem is not with Moscow; it has to do with the fact that Kyiv should have been the one to extend a hand to its people and regions, instead of intimidating them with repression and banning the use of the Russian language.",judgement_negative,instead of intimidating them with repression and banning the use of the Russian language.,1,Arg,0,Claim
22,UNSC_2014_SPV.7138_spch020_sentsplit_Russian_Federation,"Nevertheless, we would appeal to all to put an end to the confrontation and to begin constructive cooperation with a view to a long-term settlement of the situation in Ukraine, in the interests of all of the people, including those in the eastern and south-eastern regions.",none,,1,Arg,0,Claim
23,UNSC_2014_SPV.7138_spch016_sentsplit_Jordan,"Jordan has voted in favour ofthe draft resolution contained in document S/2014/189 out of its respect for Ukraine's sovereignty, territorial integrity and political independence and non-interference in its internal affairs.",affect_positive,voted in favour,1,Arg,1,Premise
24,UNSC_2014_SPV.7138_spch016_sentsplit_Jordan,"Moreover, it calls for adherence to the purposes and principles of the Charter of the United Nations, especially Article 1, and to the use of peaceful means to settle disputes.",none,,1,Arg,0,Claim
25,UNSC_2014_SPV.7138_spch016_sentsplit_Jordan,"Jordan confirms the importance of upholding the territorial integrity of Ukraine and subjecting all its territories, including Crimea, to Ukrainian sovereignty, in accordance with the principles of international law and relevant international resolutions, including the 1994 Budapest Memorandum and the 1997 Treaty on Friendship, Cooperation and Partnership.",affect_positive,confirms the importance,1,Arg,1,Premise
27,UNSC_2014_SPV.7138_spch017_sentsplit_Luxembourg,Luxembourg deeply regrets that the draft resolution (S/2104/189).,affect_negative,deeply regrets,1,Arg,1,Premise
28,UNSC_2014_SPV.7138_spch017_sentsplit_Luxembourg,"proposed by the United States ofAmerica, on the situation in Ukraine was not adopted because of the vote against it by Russia, a permanent member of the Council.",none,,1,Arg,1,Premise
29,UNSC_2014_SPV.7138_spch017_sentsplit_Luxembourg,"Luxembourg voted in favour of the draft resolution and is also a sponsor of the text, as did many United Nations States Members.",none,,1,Arg,1,Premise
31,UNSC_2014_SPV.7138_spch017_sentsplit_Luxembourg,Because the draft resolution was based on principles and dialogue.,none,,1,Arg,1,Premise
32,UNSC_2014_SPV.7138_spch017_sentsplit_Luxembourg,"First, with regard to the principles, the draft resolution was intended to recall the purposes and principles of the United Nations, as set out in particular in Article 2 of the Charter.",none,,1,Arg,0,Claim
33,UNSC_2014_SPV.7138_spch017_sentsplit_Luxembourg,"The draft resolution was intended to reaffirm the Security Council's support for the sovereignty, independence, unity and the territorial integrity of Ukraine within its internationally recognized borders.",none,,1,Arg,1,Premise
34,UNSC_2014_SPV.7138_spch017_sentsplit_Luxembourg,The Security Council should be unanimous in upholding those principles.,none,,1,Arg,0,Claim
35,UNSC_2014_SPV.7138_spch017_sentsplit_Luxembourg,"The Charter ofthe United Nations states that in discharging its duties the Security Council ""shall act in accordance with the purposes and principles of the United Nations"".",none,,1,Arg,1,Premise
36,UNSC_2014_SPV.7138_spch017_sentsplit_Luxembourg,"Today, the Russian veto prevented the Security Council from complying with that provision.",none,,1,Arg,1,Premise
37,UNSC_2014_SPV.7138_spch017_sentsplit_Luxembourg,"With regard to dialogue, in accordance with Chapter VI of the Charter of the United Nations, the draft resolution under consideration by the Council this morning was intended to urge all parties to seek a peaceful settlement immediately through direct political dialogue, to exercise restraint, to refrain from any unilateral action and any inflammatory rhetoric that might increase tension and to engage fully in international mediation efforts.",none,,1,Arg,1,Premise
38,UNSC_2014_SPV.7138_spch017_sentsplit_Luxembourg,"However, the referendum organized for tomorrow in Crimea is intended to change the status of the Ukrainian territory against the will of Ukraine.",none,,1,Arg,0,Claim
39,UNSC_2014_SPV.7138_spch017_sentsplit_Luxembourg,"If the referendum were to take place, it would constitute a unilateral act that could very seriously destabilize Ukraine and the entire the region.",appreciation_negative,would constitute a unilateral act that could very seriously destabilize Ukraine and the entire the region,1,Arg,0,Claim
40,UNSC_2014_SPV.7138_spch017_sentsplit_Luxembourg,"Pursuant to the Charter of the United Nations, Member States have conferred upon the Security Council the primary responsibility for maintaining international peace and security.",none,,1,Arg,1,Premise
41,UNSC_2014_SPV.7138_spch017_sentsplit_Luxembourg,"Today, the Russian veto prevented the Security Council from assuming that responsibility in the interest of peace and security in Ukraine and Europe.",none,,1,Arg,0,Claim
42,UNSC_2014_SPV.7138_spch017_sentsplit_Luxembourg,"The referendum organized for tomorrow in Crimea runs contrary to Ukraine's Constitution, which stipulates that the territory of Ukraine is indivisible and inviolable.",none,,1,Arg,0,Claim
43,UNSC_2014_SPV.7138_spch017_sentsplit_Luxembourg,The referendum is also contrary to the Constitution of the Autonomous Republic of Crimea.,appreciation_negative,is also contrary,1,Arg,0,Claim
44,UNSC_2014_SPV.7138_spch017_sentsplit_Luxembourg,The international community can in no way recognize its outcome.,none,,1,Arg,0,Claim
45,UNSC_2014_SPV.7138_spch017_sentsplit_Luxembourg,The referendum of 16 March is part of a vicious cycle.,appreciation_negative,is part of a vicious cycle.,1,Arg,0,Claim
46,UNSC_2014_SPV.7138_spch017_sentsplit_Luxembourg,"The decision taken on 1 March by the Council of the Russian Federation to authorize the use of the Russian armed forces on Ukrainian territory, and the subsequent actions undertaken, constitute a flagrant violation of international law.",judgement_negative,armed forces,1,Arg,1,Premise
47,UNSC_2014_SPV.7138_spch017_sentsplit_Luxembourg,"Those actions violate the commitments Russia entered into with regard to Ukraine within the framework of the Budapest Memorandum of 1994 and the Treaty of Friendship, Cooperation and Partnership Agreement between Russia and Ukraine, signed in 1997.",judgement_negative,Those actions violate the commitments,1,Arg,1,Premise
48,UNSC_2014_SPV.7138_spch017_sentsplit_Luxembourg,"Had it been adopted, the draft resolution would have helped to put an end to that vicious cycle and the nationalist escalation that accompanies it.",appreciation_negative,would have helped to put an end to that vicious cycle and the nationalist escalation that accompanies it.,1,Arg,0,Claim
49,UNSC_2014_SPV.7138_spch017_sentsplit_Luxembourg,"Today's vote is a failure - a failure for the Security Council and the United Nations, but also, and above all, a failure for Russia.",appreciation_negative,is a failure,1,Arg,0,Claim
51,UNSC_2014_SPV.7138_spch017_sentsplit_Luxembourg,"For its part, Luxembourg will not abandon that hope.",affect_positive,will not abandon that hope,1,Arg,0,Claim
52,UNSC_2014_SPV.7138_spch017_sentsplit_Luxembourg,Even if diplomatic efforts have not yet borne fruit,none,,1,Arg,1,Premise
53,UNSC_2014_SPV.7138_spch017_sentsplit_Luxembourg,", they must continue to achieve a solution that respects the political independence, sovereignty, unity and territorial integrity of Ukraine, in the interest of peace, stability and prosperity in Europe.",none,,1,Arg,0,Claim
54,UNSC_2014_SPV.7138_spch017_sentsplit_Luxembourg,I resume my functions as President of the Council.,none,,1,Arg,0,Claim
56,UNSC_2014_SPV.7138_spch006_sentsplit_United_Kingdom_Of_Great_Britain_And_Northern_Ireland,The draft resolution (S/2014/l89) was designed to prevent a further escalation of the crisis in Ukraine.,appreciation_negative,crisis,1,Arg,0,Claim
57,UNSC_2014_SPV.7138_spch006_sentsplit_United_Kingdom_Of_Great_Britain_And_Northern_Ireland,"It invited Council members to uphold the sovereignty, unity and territorial integrity of a United Nations State Member and to reaffirm core United Nations principles.",none,,1,Arg,1,Premise
58,UNSC_2014_SPV.7138_spch006_sentsplit_United_Kingdom_Of_Great_Britain_And_Northern_Ireland,It was about sending a clear signal that holding a referendum in Crimea would take us further away from a diplomatic solution.,none,,1,Arg,1,Premise
59,UNSC_2014_SPV.7138_spch006_sentsplit_United_Kingdom_Of_Great_Britain_And_Northern_Ireland,The resounding message from today's vote is that Russia stands isolated in the Council and in the international community.,none,,1,Arg,0,Claim
60,UNSC_2014_SPV.7138_spch006_sentsplit_United_Kingdom_Of_Great_Britain_And_Northern_Ireland,Russia alone backs the referendum.,none,,1,Arg,1,Premise
61,UNSC_2014_SPV.7138_spch006_sentsplit_United_Kingdom_Of_Great_Britain_And_Northern_Ireland,"Russia alone is prepared to violate international law, disregard the Charter of the United Nations and tear up its bilateral treaties.",judgement_negative,"is prepared to violate international law, disregard the Charter of the United Nations and tear up its bilateral treaties.",1,Arg,0,Claim
62,UNSC_2014_SPV.7138_spch006_sentsplit_United_Kingdom_Of_Great_Britain_And_Northern_Ireland,That message will be heard well beyond the walls of the Chamber.,none,,1,Arg,0,Claim
63,UNSC_2014_SPV.7138_spch006_sentsplit_United_Kingdom_Of_Great_Britain_And_Northern_Ireland,The position of the international community is clear.,none,,1,Arg,0,Claim
64,UNSC_2014_SPV.7138_spch006_sentsplit_United_Kingdom_Of_Great_Britain_And_Northern_Ireland,"If the referendum is held tomorrow, it will have no validity, no credibility and no recognition.",appreciation_negative,"it will have no validity, no credibility and no recognition",1,Arg,0,Claim
65,UNSC_2014_SPV.7138_spch006_sentsplit_United_Kingdom_Of_Great_Britain_And_Northern_Ireland,We trust that Russia will take notice of its isolation.,affect_positive,We trust,1,Arg,0,Claim
66,UNSC_2014_SPV.7138_spch006_sentsplit_United_Kingdom_Of_Great_Britain_And_Northern_Ireland,"On Thursday, we heard a clear message from the Prime Minister of Ukraine that Ukraine was willing to engage in dialogue with Russia to address its stated concerns (see S/PV.7134).",none,,1,Arg,1,Premise
67,UNSC_2014_SPV.7138_spch006_sentsplit_United_Kingdom_Of_Great_Britain_And_Northern_Ireland,The ball is now firmly in Russia's court.,none,,1,Arg,1,Premise
68,UNSC_2014_SPV.7138_spch006_sentsplit_United_Kingdom_Of_Great_Britain_And_Northern_Ireland,"If Russia fails to respond to Ukraine's outstretched hand and instead continues with its military adventurism or seeks to take advantage of the illegal referendum, it will lead to further escalation of tension in the region and further consequences for Russia.",judgement_negative,If Russia fails to respond to Ukraine's outstretched hand and instead continues with its military adventurism or seeks to take advantage of the illegal referendum,1,Arg,0,Claim
69,UNSC_2014_SPV.7138_spch006_sentsplit_United_Kingdom_Of_Great_Britain_And_Northern_Ireland,We ask Russia to hear the collective voice of the international community today to rethink its actions and to take the decision to work with Ukraine and with the rest of the world to find a peaceful solution.,judgement_positive,We ask Russia,1,Arg,0,Claim
70,UNSC_2014_SPV.7138_spch002_sentsplit_Russian_Federation,"Many times, we have put forth in this Chamber the essence of the Russian position regarding the cause and development of the internal crisis in Ukraine.",appreciation_negative,crisis,1,Arg,0,Claim
71,UNSC_2014_SPV.7138_spch002_sentsplit_Russian_Federation,That general context is important to understanding our view of the draft resolution submitted by the United States (S/2014/189) for the Council's vote today.,none,,1,Arg,0,Claim
72,UNSC_2014_SPV.7138_spch002_sentsplit_Russian_Federation,It is a secret to no one that the Russian Federation will vote against the draft resolution.,none,,1,Arg,0,Claim
73,UNSC_2014_SPV.7138_spch002_sentsplit_Russian_Federation,"We cannot go along with its basic assumption, which is to declare illegal the planned referendum of 16 March whereby the people of the Crimean republic will themselves determine their future.",affect_negative,We cannot go along,1,Arg,0,Claim
74,UNSC_2014_SPV.7138_spch002_sentsplit_Russian_Federation,"The philosophy of the sponsors of the draft resolution runs counter to one of basic principles of international law, the principle of equal rights and self-determination of peoples, enshrined in Article 1 of the Charter of the United Nations.",appreciation_negative,"The philosophy of the sponsors of the draft resolution runs counter to one of basic principles of international law, the principle of equal rights and self-determination of peoples,",1,Arg,0,Claim
75,UNSC_2014_SPV.7138_spch002_sentsplit_Russian_Federation,"That principle is confirmed in the 1970 Declaration on Principles of International Law concerning Friendly Relations and Co-operation among States in accordance with the Charter of the United Nations, and in a number of other decisions of the General Assembly, as well as the Helsinki Final Act of 1975.",none,,1,Arg,1,Premise
76,UNSC_2014_SPV.7138_spch002_sentsplit_Russian_Federation,We do not dispute the principle of the territorial integrity of States.,affect_negative,We do not dispute,1,Arg,0,Claim
77,UNSC_2014_SPV.7138_spch002_sentsplit_Russian_Federation,It is indeed very important.,appreciation_positive,indeed very important.,1,Arg,0,Claim
78,UNSC_2014_SPV.7138_spch002_sentsplit_Russian_Federation,"It is also understandable that the enjoyment of the right to self-determination involving separation from an existing State is an extraordinary measure, applied when further coexistence within a single State becomes impossible.",none,,1,Arg,0,Claim
79,UNSC_2014_SPV.7138_spch002_sentsplit_Russian_Federation,"Moreover, as practice has demonstrated, in the majority of cases, the realization ofpeoples' right to self-determination is achieved without the agreement of the central authorities of the State.",none,,1,Arg,0,Claim
80,UNSC_2014_SPV.7138_spch002_sentsplit_Russian_Federation,"With respect to Crimea, that case resulted from a legal vacuum generated by an unconstitutional armed coup d'etat carried out in Kyiv by radical nationalists in February, as well as by their direct threats to impose their order throughout Ukraine.",judgement_negative,legal vacuum generated by an unconstitutional armed coup d'etat,1,Arg,1,Premise
81,UNSC_2014_SPV.7138_spch002_sentsplit_Russian_Federation,"It should also be noted that generally agreed principles of international law are closely interlinked and that each should be considered in the light of the others, the relevant political context and historic specificities.",none,,1,Arg,1,Premise
82,UNSC_2014_SPV.7138_spch002_sentsplit_Russian_Federation,"The political, legal and historic backdrop of the events of today in Ukraine is extremely complicated.",appreciation_negative,extremely complicated,1,Arg,0,Claim
84,UNSC_2014_SPV.7138_spch002_sentsplit_Russian_Federation,"It was given to Ukraine in violation of the norms of that time under Soviet law and without taking into account the views of the people of Crimea, who nevertheless remained within a single State - the Union of Soviet Socialist Republics.",judgement_negative,violation of the norms of that time,1,Arg,1,Premise
85,UNSC_2014_SPV.7138_spch002_sentsplit_Russian_Federation,"When the Soviet Union fell, Crimea automatically became part of Ukraine.",none,,1,Arg,1,Premise
86,UNSC_2014_SPV.7138_spch002_sentsplit_Russian_Federation,The View of the people of Crimea was once again ignored.,none,,1,Arg,0,Claim
87,UNSC_2014_SPV.7138_spch002_sentsplit_Russian_Federation,"After the fall of the Soviet Union, for more than 20 years Crimea attempted to exercise its right to self-determination.",none,,1,Arg,1,Premise
88,UNSC_2014_SPV.7138_spch002_sentsplit_Russian_Federation,"In January 1991, a referendum was conducted in Crimea, resulting in the adoption of a law in Ukraine regarding the establishment of autonomous Crimea.",none,,1,Arg,1,Premise
89,UNSC_2014_SPV.7138_spch002_sentsplit_Russian_Federation,"In September 1991, the High Council of Crimea adopted a declaration on State sovereignty.",none,,1,Arg,1,Premise
90,UNSC_2014_SPV.7138_spch002_sentsplit_Russian_Federation,"In 1992, the constitution of Crimea was adopted, declaring Crimea an independent state within Ukraine.",none,,1,Arg,1,Premise
91,UNSC_2014_SPV.7138_spch002_sentsplit_Russian_Federation,"However, in 1995, through a decision of the Ukrainian authorities and the President of Ukraine, the constitution was annulled, without the agreement of the Crimean people.",none,,1,Arg,1,Premise
93,UNSC_2014_SPV.7138_spch002_sentsplit_Russian_Federation,"In conclusion, we wish to confirm that we will respect the will of the Crimean people during the referendum of 16 March.",affect_positive,we wish,1,Arg,0,Claim
94,UNSC_2014_SPV.7138_spch015_sentsplit_Chad,"Since the beginning ofthe Ukrainian crisis, Chad has consistently expressed its commitment to the territorial integrity and unity of Ukraine, in accordance with the Charter of the United Nations.",appreciation_negative,crisis,1,Arg,1,Premise
95,UNSC_2014_SPV.7138_spch015_sentsplit_Chad,The intangibility of borders and territorial integrity of States is a sacred principle set forth in the Constitutive Act of the African Union.,judgement_positive,is a sacred principle,1,Arg,0,Claim
96,UNSC_2014_SPV.7138_spch015_sentsplit_Chad,Chad's vote in favour of the draft resolution contained in document S/2014/ 189 reflects that commitment.,affect_positive,vote in favour,1,Arg,1,Premise
97,UNSC_2014_SPV.7138_spch015_sentsplit_Chad,"Chad takes note with great concern the persistence of the escalation of the crisis in Ukraine, which is taking place despite the repeated appeals of the international community, and particularly the Security Council, for restraint and calm.",appreciation_negative,crisis,1,Arg,1,Premise
98,UNSC_2014_SPV.7138_spch015_sentsplit_Chad,"We believe that it is still possible for the parties to open the way towards national reconciliation and maintaining Ukraine's unity by engaging in inclusive dialogue among the various components with respect for diversity, human rights and in particular the rights of minorities.",affect_positive,We believe that,1,Arg,0,Claim
99,UNSC_2014_SPV.7138_spch015_sentsplit_Chad,"Chad reiterates its call for respect for territorial integrity, the non-use of force and the peaceful settlement of disputes, in accordance with the Charter of the United Nations.",none,,1,Arg,1,Premise
101,UNSC_2014_SPV.7138_spch015_sentsplit_Chad,We believe that the solution to the crisis can only be a political and negotiated one.,appreciation_negative,crisis,1,Arg,0,Claim
102,UNSC_2014_SPV.7138_spch013_sentsplit_Republic_Of_Korea,"The Republic of Korea voted in favour of the draft resolution contained in document S/2014/189, as we firmly believe that the unity and territorial integrity of Ukraine should be fully respected and that the future of Ukraine should be decided by the Ukrainians themselves without any intervention or influence by outside forces.",affect_positive,we firmly believe,1,Arg,0,Claim
103,UNSC_2014_SPV.7138_spch013_sentsplit_Republic_Of_Korea,We think that the draft resolution clearly embodies those principles.,affect_positive,We think that,1,Arg,0,Claim
104,UNSC_2014_SPV.7138_spch013_sentsplit_Republic_Of_Korea,It is regrettable that the draft resolution was not adopted by the Security Council today.,affect_negative,It is regrettable,1,Arg,0,Claim
105,UNSC_2014_SPV.7138_spch013_sentsplit_Republic_Of_Korea,"Still, we very much hope that today's failure will not close the window on a peaceful and diplomatic solution to the crisis.",affect_positive,we very much hope,1,Arg,0,Claim
110,UNSC_2014_SPV.7138_spch018_sentsplit_Ukraine,"It is awful that the other one, the fifth guarantor, the Russian Federation, violated its own obligations.",judgement_negative,awful,1,Arg,0,Claim
111,UNSC_2014_SPV.7138_spch018_sentsplit_Ukraine,All the appeals by the united membership to the wisdom of the Russian leadership were not successful.,none,,1,Arg,0,Claim
113,UNSC_2014_SPV.7138_spch018_sentsplit_Ukraine,Members noticed that somebody called me.,none,,1,Arg,1,Premise
114,UNSC_2014_SPV.7138_spch018_sentsplit_Ukraine,"Russian troops entered the mainland from the south, from Crimea.",none,,1,Arg,1,Premise
115,UNSC_2014_SPV.7138_spch018_sentsplit_Ukraine,Now we are facing a new development and we are to face an even more dangerous stance of the Russian Federation.,judgement_negative,more dangerous,1,Arg,0,Claim
116,UNSC_2014_SPV.7138_spch018_sentsplit_Ukraine,"I appeal to all Council members to find the means and measures in the Security Council and the United Nations, as well as at the bilateral level, to do the utmost possible to stop the aggressor, the Russian delegation, present in the Chamber.",judgement_negative,aggressor,1,Arg,0,Claim
117,UNSC_2014_SPV.7138_spch018_sentsplit_Ukraine,For us it is no surprise that Russia has vetoed today's draft resolution.,none,,1,Arg,0,Claim
118,UNSC_2014_SPV.7138_spch018_sentsplit_Ukraine,"For that permanent member of the Council, it has become the custom to veto any measure aimed at maintaining international peace and security.",judgement_negative,it has become the custom to veto any measure aimed at maintaining international peace and security,1,Arg,1,Premise
119,UNSC_2014_SPV.7138_spch018_sentsplit_Ukraine,"We remember the vetoes of draft resolutions on peacekeeping missions in Syria, which brought about thousands and thousands of deaths.",none,,1,Arg,1,Premise
120,UNSC_2014_SPV.7138_spch018_sentsplit_Ukraine,"I am confident that when Council members gather together next week with Ambassador Tanin to speak about the reform of the Security Council, the issue of the right of the veto will be discussed.",affect_positive,I am confident,1,Arg,0,Claim
121,UNSC_2014_SPV.7138_spch018_sentsplit_Ukraine,"Two cases, Syria and Crimea, will certainly be considered as examples of the behaviour of a permanent member of the Council when peace is needed.",none,,1,Arg,0,Claim
123,UNSC_2014_SPV.7138_spch018_sentsplit_Ukraine,The representative of the Russian Federation has stated many times in this Chamber that Russia's right of the veto was gained through the blood of the Second World War.,none,,1,Arg,1,Premise
124,UNSC_2014_SPV.7138_spch018_sentsplit_Ukraine,"I would like to recall that it was the collective bloodshed of Ukrainians, Belarusians and Georgians.",affect_positive,I would like,1,Arg,1,Premise
125,UNSC_2014_SPV.7138_spch018_sentsplit_Ukraine,To manipulate the issue of the bloodshed is absolutely unacceptable.,judgement_negative,To manipulate the issue of the bloodshed is absolutely unacceptable,1,Arg,0,Claim
126,UNSC_2014_SPV.7138_spch018_sentsplit_Ukraine,"Moreover, it is a manipulation of the right of the veto before the new blood on one's hands.",judgement_negative,manipulation,1,Arg,0,Claim
127,UNSC_2014_SPV.7138_spch018_sentsplit_Ukraine,Previously it was Georgian blood - now it is Ukrainian.,none,,1,Arg,1,Premise
128,UNSC_2014_SPV.7138_spch018_sentsplit_Ukraine,I believe that such chaos should end now.,affect_positive,I believe,1,Arg,0,Claim
129,UNSC_2014_SPV.7138_spch018_sentsplit_Ukraine,Today I take an optimistic View of the situation.,affect_positive,optimistic,1,Arg,0,Claim
131,UNSC_2014_SPV.7138_spch018_sentsplit_Ukraine,"Because I am convinced that the statement made by the Russian representative expressed not the voice of the Russian Federation, but rather the voice of the Soviet Union.",affect_positive,I am convinced,1,Arg,1,Premise
132,UNSC_2014_SPV.7138_spch018_sentsplit_Ukraine,"The genuine voice of Russia today can be heard on the streets and squares of Moscow, St. Petersburg, Samara and Yekaterinburg, where thousands and thousands of people have gone to express their support and desire to protect Ukraine and its territorial integrity.",none,,1,Arg,1,Premise
133,UNSC_2014_SPV.7138_spch018_sentsplit_Ukraine,That represents the democratic future of Russia and the basis on which we will build our fraternal ties.,none,,1,Arg,0,Claim
134,UNSC_2014_SPV.7138_spch018_sentsplit_Ukraine,Today the question of how to stop the aggressor concerns all of us.,judgement_negative,aggressor,1,Arg,0,Claim
135,UNSC_2014_SPV.7138_spch018_sentsplit_Ukraine,It involves the loss of the entire system of values established over the years through the untiring efforts of Member States towards a collective security system and non-proliferation.,none,,1,Arg,0,Claim
137,UNSC_2014_SPV.7138_spch018_sentsplit_Ukraine,I am confident that today the entire United Nations family demonstrated its unity.,affect_positive,I am confident,1,Arg,0,Claim
138,UNSC_2014_SPV.7138_spch018_sentsplit_Ukraine,Tragic and dramatic events in Ukraine have united all of us.,appreciation_negative,Tragic and dramatic,1,Arg,1,Premise
139,UNSC_2014_SPV.7138_spch018_sentsplit_Ukraine,We must demonstrate that we are capable of protecting the United Nations system and the global security system through a new approach.,none,,1,Arg,0,Claim
140,UNSC_2014_SPV.7138_spch018_sentsplit_Ukraine,I am absolutely confident that we will be able to do that.,affect_positive,I am absolutely confident,1,Arg,0,Claim
143,UNSC_2014_SPV.7138_spch008_sentsplit_Rwanda,"It is unfortunate that we have come to this today, as the situation could have been avoided.",affect_negative,It is unfortunate,1,Arg,0,Claim
144,UNSC_2014_SPV.7138_spch008_sentsplit_Rwanda,"Voting for the text before us was a hard decision we had to make, and that is so because we are not convinced that the timing of the draft resolution was productive to the objective and purpose of the Security Council.",affect_negative,we are not convinced,1,Arg,0,Claim
145,UNSC_2014_SPV.7138_spch008_sentsplit_Rwanda,"It is hinged on the timing of the planned referendum in Crimea, which may not resolve the entire crisis.",appreciation_negative,crisis,1,Arg,0,Claim
146,UNSC_2014_SPV.7138_spch008_sentsplit_Rwanda,"More cynical is the objective being stated in these corridors and in some capitals to isolate each other, including important stakeholders, in our search for a peaceful solution to the crisis in Ukraine.",appreciation_negative,crisis,1,Arg,0,Claim
147,UNSC_2014_SPV.7138_spch008_sentsplit_Rwanda,"There is no need to isolate; however, there is a need for a real and frank dialogue.",none,,1,Arg,0,Claim
148,UNSC_2014_SPV.7138_spch008_sentsplit_Rwanda,"That is why we are in the Chamber, all of us, as a United Nations.",none,,1,Arg,0,Claim
149,UNSC_2014_SPV.7138_spch008_sentsplit_Rwanda,The situation in Ukraine has rapidly unfolded.,appreciation_negative,rapidly unfolded,1,Arg,1,Premise
150,UNSC_2014_SPV.7138_spch008_sentsplit_Rwanda,"We are concerned that the rhetoric of, and pressure from, many actors have blinded us from carefully analysing the situation and understanding the root causes, thereby preventing us from finding a suitable solution and, in the process, de-escalating the crisis.",appreciation_negative,crisis,1,Arg,0,Claim
152,UNSC_2014_SPV.7138_spch008_sentsplit_Rwanda,"The draft resolution contains important principles on which we all agree: respect for the independence, sovereignty and territorial integrity of countries and the need for a de-escalation of the crisis.",appreciation_negative,crisis,1,Arg,0,Claim
153,UNSC_2014_SPV.7138_spch008_sentsplit_Rwanda,Most important to us is the fact that the draft text calls for a Ukrainian inclusive political dialogue.,affect_positive,Most important to us,1,Arg,0,Claim
154,UNSC_2014_SPV.7138_spch008_sentsplit_Rwanda,We believe that the crisis in Ukraine can be settled primarily by a more vigorous campaign geared towards winning the hearts of all Ukrainians and ensuring the protection of all.,appreciation_negative,crisis,1,Arg,0,Claim
155,UNSC_2014_SPV.7138_spch008_sentsplit_Rwanda,"To date, we have not seen such steps.",none,,1,Arg,0,Claim
156,UNSC_2014_SPV.7138_spch008_sentsplit_Rwanda,There has not been intercommunal dialogue.,none,,1,Arg,1,Premise
157,UNSC_2014_SPV.7138_spch008_sentsplit_Rwanda,It is time for Ukrainians to listen to their hearts.,none,,1,Arg,0,Claim
158,UNSC_2014_SPV.7138_spch008_sentsplit_Rwanda,It is time to see statesmen on all sides helping their communities to identify that silver thread that has kept them together as a united and prosperous nation for all these years.,judgement_positive,prosperous nation,1,Arg,0,Claim
159,UNSC_2014_SPV.7138_spch008_sentsplit_Rwanda,"In that regard, we appeal to all conflicting blocs in Ukraine to pause a little, close their ears to all aggravating rhetoric and give intercommunal talks a chance.",judgement_positive,we appeal to,1,Arg,0,Claim
160,UNSC_2014_SPV.7138_spch008_sentsplit_Rwanda,"If there is a need for credible mediators, the United Nations should rise to playing that role.",judgement_positive,credible mediators,1,Arg,0,Claim
161,UNSC_2014_SPV.7138_spch008_sentsplit_Rwanda,"Once again, we invite both sides to consider the mutual interests of the people of Ukraine and to uphold their commitment to bilateral and multilateral agreements.",judgement_positive,we invite,1,Arg,0,Claim
162,UNSC_2014_SPV.7138_spch008_sentsplit_Rwanda,"We call on the international community to fulfil its obligation, to ensure no further deterioration and to respect the principles of peace and security.",none,,1,Arg,0,Claim
163,UNSC_2014_SPV.7138_spch008_sentsplit_Rwanda,"Finally, this situation is not a win or a loss to any of us.",none,,1,Arg,0,Claim
164,UNSC_2014_SPV.7138_spch008_sentsplit_Rwanda,"Also, it should not be seen as bringing dishonour to any of us.",none,,1,Arg,0,Claim
166,UNSC_2014_SPV.7138_spch012_sentsplit_Australia,Australia is seriously disturbed that the draft resolution contained in document S/2014/189 before us was vetoed.,affect_negative,seriously disturbed,1,Arg,0,Claim
167,UNSC_2014_SPV.7138_spch012_sentsplit_Australia,"Its purpose was to reaffirm the fundamental principles and norms governing relations between States in the post-1945 world - obligations that form the core of the Charter of the United Nations - respect for the sovereignty and territorial integrity of all States, the obligation to refrain from the threat or use of force against the territorial integrity or political independence of any State, the illegality of the acquisition of territory through the threat or use of force and the obligation to settle disputes by peaceful means.",none,,1,Arg,1,Premise
168,UNSC_2014_SPV.7138_spch012_sentsplit_Australia,"As the body mandated under the United Nations Charter with the primary responsibility for the maintenance of international peace and security, the Security Council has a primordial responsibility to uphold those obligations.",judgement_positive,has a primordial responsibility to,1,Arg,0,Claim
169,UNSC_2014_SPV.7138_spch012_sentsplit_Australia,"As Council members, we do so on behalf of all Member States.",none,,1,Arg,0,Claim
170,UNSC_2014_SPV.7138_spch012_sentsplit_Australia,The draft resolution directly and carefully reflects those fundamental norms.,none,,1,Arg,0,Claim
171,UNSC_2014_SPV.7138_spch012_sentsplit_Australia,There is nothing in it that any State Member of the United Nations could reasonably oppose.,none,,1,Arg,0,Claim
172,UNSC_2014_SPV.7138_spch012_sentsplit_Australia,Russia's decision to veto the resolution is therefore profoundly unsettling.,judgement_negative,profoundly unsettling,1,Arg,0,Claim
173,UNSC_2014_SPV.7138_spch012_sentsplit_Australia,The referendum to be held tomorrow in Crimea is dangerous and destabilizing.,appreciation_negative,dangerous and destabilizing,1,Arg,0,Claim
174,UNSC_2014_SPV.7138_spch012_sentsplit_Australia,It is unauthorized and invalid.,appreciation_negative,is unauthorized and invalid,1,Arg,0,Claim
175,UNSC_2014_SPV.7138_spch012_sentsplit_Australia,The international community will not recognize the result nor any action taking on the basis of it.,none,,1,Arg,0,Claim
176,UNSC_2014_SPV.7138_spch012_sentsplit_Australia,"With or without a resolution, the message from Council members and the wider international community has been overwhelming.",judgement_negative,has been overwhelming,1,Arg,1,Premise
177,UNSC_2014_SPV.7138_spch012_sentsplit_Australia,The de-escalation of the current crisis is imperative.,appreciation_positive,crisis,1,Arg,0,Claim
178,UNSC_2014_SPV.7138_spch012_sentsplit_Australia,Russia must pull back its forces to their bases and decrease their numbers to agreed levels.,none,,1,Arg,0,Claim
179,UNSC_2014_SPV.7138_spch012_sentsplit_Australia,It must allow international observers access to Crimea.,none,,1,Arg,0,Claim
180,UNSC_2014_SPV.7138_spch012_sentsplit_Australia,"It must demonstrate its respect for the sovereignty and territorial integrity of Ukraine, including by desisting from any recognition of or action on the basis of the results of the Crimean referendum.",none,,1,Arg,0,Claim
181,UNSC_2014_SPV.7138_spch012_sentsplit_Australia,"It must engage in direct dialogue with Ukraine, as Ukraine has repeatedly requested, either bilaterally or through a diplomatic mechanism such as a contact group.",none,,1,Arg,0,Claim
182,UNSC_2014_SPV.7138_spch012_sentsplit_Australia,Russia can be under no misapprehension about the action the international community is demanding it take.,judgement_negative,can be under no misapprehension,1,Arg,0,Claim
183,UNSC_2014_SPV.7138_spch012_sentsplit_Australia,"Should it fail to respond, there will be consequences.",none,,1,Arg,0,Claim
184,UNSC_2014_SPV.7138_spch012_sentsplit_Australia,The international community will demand it.,none,,1,Arg,0,Claim
185,UNSC_2014_SPV.7138_spch004_sentsplit_United_States_Of_America,The United States deeply appreciates the support from our colleagues around the table and from the many States that have called for a peaceful end to the crisis in Ukraine.,appreciation_negative,deeply appreciates,1,Arg,1,Premise
187,UNSC_2014_SPV.7138_spch004_sentsplit_United_States_Of_America,It is the seventh time that the Security Council has convened to discuss the urgent crisis in Ukraine.,appreciation_negative,crisis,1,Arg,1,Premise
188,UNSC_2014_SPV.7138_spch004_sentsplit_United_States_Of_America,The Council is meeting on Ukraine because it is the job of this body to stand up for peace and to defend those in danger.,judgement_positive,it is the job of this body to stand up for peace and to defend those in danger.,1,Arg,1,Premise
190,UNSC_2014_SPV.7138_spch004_sentsplit_United_States_Of_America,"We have heard, for example, about the pleas of the brave democrats of Hungary in 1956 and about the dark chill that dashed the dreams of Czechs in 1968.",none,,1,Arg,1,Premise
191,UNSC_2014_SPV.7138_spch004_sentsplit_United_States_Of_America,We still have the time and the collective power to ensure that the past does not become prologue.,none,,1,Arg,0,Claim
192,UNSC_2014_SPV.7138_spch004_sentsplit_United_States_Of_America,"But history has lessons, for those of us who are willing to listen.",none,,1,Arg,0,Claim
193,UNSC_2014_SPV.7138_spch004_sentsplit_United_States_Of_America,"Unfortunately, not everyone was willing to listen today.",affect_negative,Unfortunately,1,Arg,0,Claim
194,UNSC_2014_SPV.7138_spch004_sentsplit_United_States_Of_America,"Under the Charter of the United Nations, the Russian Federation has the power to veto a Security Council draft resolution.",none,,1,Arg,1,Premise
195,UNSC_2014_SPV.7138_spch004_sentsplit_United_States_Of_America,But it does not have the power to veto the truth.,judgement_negative,But it does not have the power to veto the truth.,1,Arg,0,Claim
196,UNSC_2014_SPV.7138_spch004_sentsplit_United_States_Of_America,"As we know, the word ""truth"" - or ""pravda"" - has aprominent place in the story ofmodern Russia.",none,,1,Arg,0,Claim
197,UNSC_2014_SPV.7138_spch004_sentsplit_United_States_Of_America,"From the days of Lenin and Trotsky until the fall of the Berlin Wall, Pravda was the name of the house newspaper of the Soviet communist regime.",none,,1,Arg,1,Premise
198,UNSC_2014_SPV.7138_spch004_sentsplit_United_States_Of_America,"But throughout that period, one could search in vain to find ""pravda"" in pravda.",none,,1,Arg,1,Premise
199,UNSC_2014_SPV.7138_spch004_sentsplit_United_States_Of_America,"Today one again searches in vain to find truth in the Russian position on Crimea, on Ukraine or on the proposed Security Council resolution (S/2014/189)",judgement_negative,Today one again searches in vain to find truth in the Russian position,1,Arg,0,Claim
201,UNSC_2014_SPV.7138_spch004_sentsplit_United_States_Of_America,The truth is that the draft resolution should not have been controversial.,none,,1,Arg,0,Claim
202,UNSC_2014_SPV.7138_spch004_sentsplit_United_States_Of_America,"It was grounded in principles that provide the foundation for international stability and law, Article 2 of the Charter of the United Nations, the prohibition of the use of force to acquire territory and respect for the sovereignty, independence, unity and territorial integrity of Member States.",none,,1,Arg,1,Premise
203,UNSC_2014_SPV.7138_spch004_sentsplit_United_States_Of_America,"Those are principles that Russia agrees with and defends vigorously, all around the world; except, it seems, in circumstances that involve Russia.",judgement_negative,"Those are principles that Russia agrees with and defends vigorously, all around the world; except, it seems, in circumstances that involve Russia",1,Arg,0,Claim
204,UNSC_2014_SPV.7138_spch004_sentsplit_United_States_Of_America,The draft resolution broke no new legal or normative ground.,none,,1,Arg,0,Claim
205,UNSC_2014_SPV.7138_spch004_sentsplit_United_States_Of_America,It simply called on all parties to do what they had previously pledged through internationally binding agreements to do.,none,,1,Arg,1,Premise
206,UNSC_2014_SPV.7138_spch004_sentsplit_United_States_Of_America,"It recalled specifically the 1975 Helsinki Final Act and the 1994 Budapest Memorandum, in which Russia and other signatories reaffirmed their commitments themselves to respect Ukraine's territorial integrity and to refrain from aggressive military action toward that country.",none,,1,Arg,1,Premise
207,UNSC_2014_SPV.7138_spch004_sentsplit_United_States_Of_America,"The draft resolution called on the Government of Ukraine to do what it had promised it would do: to protect the rights of all Ukrainians, including those belonging to minority groups.",none,,1,Arg,1,Premise
208,UNSC_2014_SPV.7138_spch004_sentsplit_United_States_Of_America,"Finally, the draft resolution noted that the planned Crimean referendum, scheduled for tomorrow, has no legal validity and will have no legal effect on the status of Crimea.",none,,1,Arg,1,Premise
209,UNSC_2014_SPV.7138_spch004_sentsplit_United_States_Of_America,"From the beginning of the crisis, the Russian position has been at odds not only with the law, but also with the facts.",appreciation_negative,crisis,1,Arg,0,Claim
210,UNSC_2014_SPV.7138_spch004_sentsplit_United_States_Of_America,"Russia claimed that the rights of people inside Ukraine were under attack, but that claim had validity only in the parts of Ukraine where Russia and Russian military forces were exercising undue influence.",judgement_negative,but that claim had validity only in the parts of Ukraine where Russia and Russian military forces were exercising undue influence,1,Arg,1,Premise
211,UNSC_2014_SPV.7138_spch004_sentsplit_United_States_Of_America,"Russia denied that it was intervening militarily, but Russian troops have helped to surround and occupy public buildings, shut down airports, obstruct transit points and prevent the entry into Ukraine of international observers and human rights monitors.",judgement_negative,"Russia denied that it was intervening militarily, but Russian troops have helped to surround and occupy public buildings, shut down airports, obstruct transit points and prevent the entry into Ukraine of international observers and human rights monitors.",1,Arg,1,Premise
212,UNSC_2014_SPV.7138_spch004_sentsplit_United_States_Of_America,"Russian leadership has disclaimed any intention of trying to annex Crimea, then reversed itself and concocted a rationale for justifying just such an illegal act.",judgement_negative,illegal act,1,Arg,0,Claim
213,UNSC_2014_SPV.7138_spch004_sentsplit_United_States_Of_America,"Russia claims that its intentions are peaceful, but Russian officials have shown little interest in United Nations, European and American efforts at diplomacy, including Secretary of State Kerry's efforts yesterday in London.",judgement_negative,"Russia claims that its intentions are peaceful, but Russian officials have shown little interest",1,Arg,0,Claim
214,UNSC_2014_SPV.7138_spch004_sentsplit_United_States_Of_America,"Russia has refused Ukraine's outstretched hand while, as we speak, Russian armed forces are massing across Ukraine's eastern border.",judgement_negative,Russia has refused Ukraine's outstretched hand,1,Arg,1,Premise
215,UNSC_2014_SPV.7138_spch004_sentsplit_United_States_Of_America,"Two days ago, in this very Chamber, Ukraine's Prime Minister appealed to Russia to embrace peace (see S/PV.7134).",none,,1,Arg,1,Premise
216,UNSC_2014_SPV.7138_spch004_sentsplit_United_States_Of_America,"Instead, Russia has rejected a draft resolution that had peace at its heart and law flowing through its veins.",judgement_negative,"Instead, Russia has rejected a draft resolution that had peace at its heart and law flowing through its veins.",1,Arg,0,Claim
217,UNSC_2014_SPV.7138_spch004_sentsplit_United_States_Of_America,"The United States offered the draft resolution in a spirit of reconciliation, in the desire for peace, in keeping with the rule of law, in recognition of the facts and in fulfilment of the obligation of the Council to promote and preserve stability among nations.",none,,1,Arg,1,Premise
218,UNSC_2014_SPV.7138_spch004_sentsplit_United_States_Of_America,"At the moment of decision, only one hand was raised to oppose those principles.",none,,1,Arg,1,Premise
219,UNSC_2014_SPV.7138_spch004_sentsplit_United_States_Of_America,"Russia - isolated, alone and wrong - blocked the draft resolution's adoption, just as it has blocked Ukrainian ships and international observers.",judgement_negative,"Russia - isolated, alone and wrong - blocked the draft resolution's adoption, just as it has blocked Ukrainian ships and international observers.",1,Arg,1,Premise
220,UNSC_2014_SPV.7138_spch004_sentsplit_United_States_Of_America,Russia put itself outside the international norms that we have painstakingly developed to serve as the bedrock foundation for peaceful relations between States.,none,,1,Arg,0,Claim
221,UNSC_2014_SPV.7138_spch004_sentsplit_United_States_Of_America,The reason only one country voted against the draft resolution today is that the world believes that international borders are more than mere suggestions.,none,,1,Arg,0,Claim
222,UNSC_2014_SPV.7138_spch004_sentsplit_United_States_Of_America,"The world believes that people within those internationally recognized borders have the right to chart their own future, free from intimidation.",none,,1,Arg,0,Claim
223,UNSC_2014_SPV.7138_spch004_sentsplit_United_States_Of_America,The world believes that the lawless pursuit of one's ambitions serves none of us.,none,,1,Arg,0,Claim
224,UNSC_2014_SPV.7138_spch004_sentsplit_United_States_Of_America,Russia has used its veto as an accomplice to unlawful military incursion.,judgement_negative,has used its veto as an accomplice to unlawful military incursion,1,Arg,0,Claim
225,UNSC_2014_SPV.7138_spch004_sentsplit_United_States_Of_America,That very veto was given nearly 70 years ago to countries that had led an epic fight against aggression.,none,,1,Arg,1,Premise
226,UNSC_2014_SPV.7138_spch004_sentsplit_United_States_Of_America,"But in so doing, Russia cannot change the fact that moving forward in blatant defiance of the international rules of the road will have consequences, nor can it change Crimea's status.",judgement_negative,moving forward in blatant defiance of the international rules of the road will have consequences,1,Arg,0,Claim
227,UNSC_2014_SPV.7138_spch004_sentsplit_United_States_Of_America,Crimea is part of Ukraine today.,none,,1,Arg,1,Premise
228,UNSC_2014_SPV.7138_spch004_sentsplit_United_States_Of_America,It will be part of Ukraine tomorrow.,none,,1,Arg,0,Claim
229,UNSC_2014_SPV.7138_spch004_sentsplit_United_States_Of_America,It will be part of Ukraine next week.,none,,1,Arg,1,Premise
230,UNSC_2014_SPV.7138_spch004_sentsplit_United_States_Of_America,It will be part of Ukraine unless and until its status is changed in accordance with Ukrainian and international law.,none,,1,Arg,0,Claim
231,UNSC_2014_SPV.7138_spch004_sentsplit_United_States_Of_America,"Russia prevented the adoption of a resolution today, but it cannot change the aspirations and destiny of the Ukrainian people, and it cannot deny the truth, displayed today, that there is overwhelming international opposition to its dangerous actions.",judgement_negative,it cannot deny the truth,1,Arg,0,Claim
232,UNSC_2014_SPV.7138_spch009_sentsplit_China,The current situation in Ukraine is highly complex and sensitive and has regional and international repercussions.,appreciation_negative,is highly complex and sensitive and has regional and international repercussions.,1,Arg,0,Claim
233,UNSC_2014_SPV.7138_spch009_sentsplit_China,The international community should together engage in pushing through a political solution to the crisis in Ukraine so as to truly maintain peace and stability in the region.,appreciation_negative,The international community should,1,Arg,0,Claim
234,UNSC_2014_SPV.7138_spch009_sentsplit_China,What we are seeing Ukraine today is the result of a complex intertwinement of historical and contemporary factors.,none,,1,Arg,0,Claim
235,UNSC_2014_SPV.7138_spch009_sentsplit_China,"The situation in Ukraine, which seems to be accidental, has elements of the inevitable, and therefore calls for a comprehensive and balanced solution.",appreciation_negative,"which seems to be accidental, has elements of the inevitable",1,Arg,0,Claim
236,UNSC_2014_SPV.7138_spch009_sentsplit_China,China always respects the sovereignty and territorial integrity of all States.,judgement_positive,always respects,1,Arg,1,Premise
237,UNSC_2014_SPV.7138_spch009_sentsplit_China,Those are long-standing and fundamental elements of China's foreign policy.,none,,1,Arg,0,Claim
238,UNSC_2014_SPV.7138_spch009_sentsplit_China,"At the same time, we note that foreign interference is also a significant factor, giving rise to violent clashes on the streets of Ukraine and resulting in the crisis in the country.",appreciation_negative,crisis,1,Arg,1,Premise
239,UNSC_2014_SPV.7138_spch009_sentsplit_China,"The failure to implement the 21 February agreement has further exacerbated the turmoil in Ukraine, with serious social and economic consequences for the country.",none,,1,Arg,0,Claim
240,UNSC_2014_SPV.7138_spch009_sentsplit_China,We condemn and oppose all extreme and violent acts.,affect_negative,We condemn and oppose,1,Arg,0,Claim
241,UNSC_2014_SPV.7138_spch009_sentsplit_China,"The key to resolving the crisis in Ukraine is to act within the framework of law and order, seeking an early solution to the differences through dialogue and negotiations, with due respect for the legitimate rights and interests of all those in the various communities and regions.",appreciation_negative,crisis,1,Arg,0,Claim
242,UNSC_2014_SPV.7138_spch009_sentsplit_China,"All parties should move forward in the overall aim of maintaining regional peace and stability and of protecting the fundamental interests of all the communities in Ukraine in order to keep calm, exercise restraint and prevent a further escalation of the tension, while resolutely seeking a political solution so as to find a specific way out as soon as possible.",none,,1,Arg,0,Claim
243,UNSC_2014_SPV.7138_spch009_sentsplit_China,China has been calling for constructive efforts and the good offices of the international community to de-escalate the situation in Ukraine.,none,,1,Arg,1,Premise
245,UNSC_2014_SPV.7138_spch009_sentsplit_China,Drafting a resolution at this juncture will only lead to confrontation and further complicate the situation.,none,,1,Arg,0,Claim
246,UNSC_2014_SPV.7138_spch009_sentsplit_China,It is not in line with the common interests ofboth the people of Ukraine and the international community.,none,,1,Arg,0,Claim
247,UNSC_2014_SPV.7138_spch009_sentsplit_China,"On the basis of the above, we could only abstain in the voting on the draft resolution (S/2014/189).",none,,1,Arg,0,Claim
248,UNSC_2014_SPV.7138_spch009_sentsplit_China,China holds a fair and impartial position on the issue of Ukraine.,judgement_positive,China holds a fair and impartial position on the issue of Ukraine,1,Arg,0,Claim
249,UNSC_2014_SPV.7138_spch009_sentsplit_China,We will continue to mediate and to promote dialogue so as to play a greater contructive role in seeking a political solution to the crisis in Ukraine.,appreciation_negative,crisis,1,Arg,0,Claim
251,UNSC_2014_SPV.7138_spch009_sentsplit_China,"The first proposal is the establishment as soon as possible of an international coordination mechanism, comprising all the parties concerned, in order to explore means for the political settlement ofthe Ukrainian crisis.",appreciation_negative,crisis,1,Arg,0,Claim
252,UNSC_2014_SPV.7138_spch009_sentsplit_China,"Secondly, in the meanwhile, all parties should refrain from taking any action that may further escalate the situation.",none,,1,Arg,0,Claim
253,UNSC_2014_SPV.7138_spch009_sentsplit_China,"Thirdly, international financial institutions should start to examine how to help to maintain the economic and financial stability of Ukraine.",none,,1,Arg,0,Claim
254,UNSC_2014_SPV.7138_spch010_sentsplit_Chile,The delegation of Chile voted in favour of the draft resolution (S/2014/189) because we believe that it is the appropriate response of the Council to the current crisis in Ukraine.,appreciation_negative,we believe,1,Arg,1,Premise
255,UNSC_2014_SPV.7138_spch010_sentsplit_Chile,"Given that situation, at stake here are fundamental principles of international law, such as abstaining from the threat or use of force and respecting the sovereignty, independence and territorial integrity of Ukraine, in accordance with the Charter of the United Nations.",none,,1,Arg,0,Claim
256,UNSC_2014_SPV.7138_spch010_sentsplit_Chile,"For its part, the Budapest Memorandum requires that the signatory parties observe the independence, sovereignty and current borders of Ukraine and refrain from the threat or use of force against the territorial integrity or political independence of Ukraine.",none,,1,Arg,1,Premise
257,UNSC_2014_SPV.7138_spch010_sentsplit_Chile,"The holding of a referendum on the status of Crimea is inconsistent with the Constitution of Ukraine, a unified State of which Crimea is an integral part.",appreciation_negative,The holding of a referendum on the status of Crimea is inconsistent,1,Arg,0,Claim
258,UNSC_2014_SPV.7138_spch010_sentsplit_Chile,It is therefore fundamental that the rule of law be observed in Ukraine nationally and internationally.,none,,1,Arg,0,Claim
259,UNSC_2014_SPV.7138_spch010_sentsplit_Chile,"It is for the people of Ukraine alone to determine their future in a democratic and inclusive process that guarantees the rule of law, human rights, fundamental freedoms and respect for the rights of minorities.",none,,1,Arg,0,Claim
260,UNSC_2014_SPV.7138_spch010_sentsplit_Chile,"The crisis must be resolved peacefully and through dialogue, in accordance with the norms of international law.",appreciation_negative,crisis,1,Arg,0,Claim
261,UNSC_2014_SPV.7138_spch010_sentsplit_Chile,Chile regrets that the United Nations organ that has the primary responsibility for the maintainance of international peace and security has not been able to adopt a draft resolution.,affect_negative,Chile regrets,1,Arg,1,Premise
262,UNSC_2014_SPV.7138_spch010_sentsplit_Chile,"Today, owing to the use of the veto, the Council has not fulfilled its obligation.",judgement_negative,has not fulfilled its obligation.,1,Arg,0,Claim
263,UNSC_2014_SPV.7138_spch005_sentsplit_France,It is with a sense of disbelief that we find ourselves here today - disbelief at the situation that developed before our eyes with the Russian Federation's determination to annex Crimea.,affect_negative,sense of disbelief,1,Arg,0,Claim
264,UNSC_2014_SPV.7138_spch005_sentsplit_France,"Nothing is lacking from those things that we hoped were relegated to the vaults of history: the military maneuvres at the borders, the henchman who yesterday was no one and today has suddenly been designated President of the Crimea, the occupation denied against all evidence, the torrents of propaganda, and now the charade of a referendum that is not only illegal, rushed and without electoral campaigns but is reduced to a choice between two ways of saying yes.",judgement_negative,"the military maneuvres at the borders, the henchman who yesterday was no one and today has suddenly been designated President of the Crimea, the occupation denied against all evidence, the torrents of propaganda, and now the charade of a referendum that is not only illegal, rushed and without electoral campaigns but is reduced to a choice between two ways of saying yes.",1,Arg,0,Claim
265,UNSC_2014_SPV.7138_spch005_sentsplit_France,Crimeans will not even be able to express their will.,none,,1,Arg,0,Claim
266,UNSC_2014_SPV.7138_spch005_sentsplit_France,"The violation of international law is so obvious at this point that one almost feels pity at seeing Russian diplomacy - so formalistic, so finicky in its respect for proprieties and its invocation of texts - struggling to find a legal basis for the coup.",affect_negative,The violation of international law is so obvious,1,Arg,0,Claim
267,UNSC_2014_SPV.7138_spch005_sentsplit_France,"One day, they brandish an alleged letter from the Head of State who is on the run, and only an unsigned version of that letter is released, disappearing as quickly as it appeared.",judgement_negative,they brandish an alleged letter from the Head of State,1,Arg,1,Premise
268,UNSC_2014_SPV.7138_spch005_sentsplit_France,"The next day, they recall the issue of Kosovo.",none,,1,Arg,1,Premise
269,UNSC_2014_SPV.7138_spch005_sentsplit_France,"Finally, after what was probably a feverish search through the archives, they even exhume a decolonization case from 1976: the question of Mayotte.",none,,1,Arg,1,Premise
270,UNSC_2014_SPV.7138_spch005_sentsplit_France,"They are trying so hard to use all available means in Moscow that they do not want to see that in the latter example, Russia having taken the opposite position from the one it is taking today, that shaky comparison - even if one accepts it - proves that Russia was wrong in 1976 or is wrong now, in 2014.",judgement_negative,"Russia was wrong in 1976 or is wrong now, in 2014.",1,Arg,0,Claim
271,UNSC_2014_SPV.7138_spch005_sentsplit_France,It must choose.,none,,1,Arg,0,Claim
272,UNSC_2014_SPV.7138_spch005_sentsplit_France,"I think, however, that my Russian colleague and I will find common ground in a key sentence from the speech of the Soviet Permanent Representative in 1976 on the question of Mayotte, who said: ""Any attempt aimed at the partial or total disruption of the national unity and the integrity territory of a country is incompatible with the purposes and principles of the Charter of the United Nations.""",none,,1,Arg,0,Claim
274,UNSC_2014_SPV.7138_spch005_sentsplit_France,"In reality, nothing will come of those pathetic efforts - certainly not the basis for any legal reasoning.",judgement_negative,pathetic efforts,1,Arg,0,Claim
275,UNSC_2014_SPV.7138_spch005_sentsplit_France,The vetoing of a text that is nothing more than a reminder of the basic principles of international law and the Charter of the United Nations is clear proof of that.,none,,1,Arg,0,Claim
276,UNSC_2014_SPV.7138_spch005_sentsplit_France,The headlines can be simple: Russia has vetoed the Charter of the United Nations.,none,,1,Arg,1,Premise
277,UNSC_2014_SPV.7138_spch005_sentsplit_France,"In desperation, therefore, Moscow invokes the pretext of protecting Russians who are supposedly threatened in Crimea.",none,,1,Arg,0,Claim
278,UNSC_2014_SPV.7138_spch005_sentsplit_France,I am sure that neighbouring countries that host Russian minorities appreciate this right to interfere that Russia has suddenly claimed for itself .,none,,1,Arg,0,Claim
279,UNSC_2014_SPV.7138_spch005_sentsplit_France,"But again, they are out of luck.",none,,1,Arg,0,Claim
280,UNSC_2014_SPV.7138_spch005_sentsplit_France,"There has been no violence, as confirmed by journalists and noted by the High Commissioner on National Minorities of the Organization for Security and Cooperation in Europe, and no trace, as confirmed by the Office of the United Nations High Commissioner for Refugees, of the hundreds of thousands of refugees that were predicted.",none,,1,Arg,1,Premise
283,UNSC_2014_SPV.7138_spch005_sentsplit_France,"The supposed right does not exist, and there is no violence taking place.",none,,1,Arg,0,Claim
284,UNSC_2014_SPV.7138_spch005_sentsplit_France,We therefore look to history.,none,,1,Arg,0,Claim
285,UNSC_2014_SPV.7138_spch005_sentsplit_France,Crimea was Russian from 1783 to 1954.,none,,1,Arg,1,Premise
289,UNSC_2014_SPV.7138_spch005_sentsplit_France,"After all, Crimea was Russian for 170 years but a vassal of Turkey for three centuries.",none,,1,Arg,1,Premise
290,UNSC_2014_SPV.7138_spch005_sentsplit_France,"We know only too well that anything can be justified by history, particularly the unjustifiable.",appreciation_negative,unjustifiable.,1,Arg,0,Claim
291,UNSC_2014_SPV.7138_spch005_sentsplit_France,"Out of all ofthis - their confused flurry of activity, the speeches that are denied as soon as they are given and the arguments that are forgotten as soon as they are made i only force remains.",judgement_negative,confused flurry of activity,1,Arg,0,Claim
292,UNSC_2014_SPV.7138_spch005_sentsplit_France,"Basically, it is simple: the Russian veto today is telling us that might is right.",none,,1,Arg,0,Claim
293,UNSC_2014_SPV.7138_spch005_sentsplit_France,"Well, no.",none,,1,Arg,0,Claim
294,UNSC_2014_SPV.7138_spch005_sentsplit_France,Force cannot override the law.,none,,1,Arg,0,Claim
295,UNSC_2014_SPV.7138_spch005_sentsplit_France,That would be too serious and too dangerous for every Member State.,judgement_negative,That would be too serious and too dangerous,1,Arg,0,Claim
296,UNSC_2014_SPV.7138_spch005_sentsplit_France,"Our duty is to raise the fragile barrier of law against the brutal nature of international relations, which has led us into two world wars and has cost, as of this very moment, thousands of innocent lives in Syria and elsewhere.",none,,1,Arg,0,Claim
297,UNSC_2014_SPV.7138_spch005_sentsplit_France,To accept the annexation of Crimea would be to give up everything that we are trying to build in this Organization.,none,,1,Arg,0,Claim
298,UNSC_2014_SPV.7138_spch005_sentsplit_France,It would make a mockery of the Charter of the United Nations.,appreciation_negative,It would make a mockery,1,Arg,0,Claim
299,UNSC_2014_SPV.7138_spch005_sentsplit_France,It would once again make the sword the supreme arbiter of disputes.,none,,1,Arg,0,Claim
300,UNSC_2014_SPV.7138_spch005_sentsplit_France,"The vast majority of Member States will prove, by their refusal to recognize the annexation of the Crimea, that they know that the territorial integrity of one of them is the guarantor of the territorial integrity of all.",none,,1,Arg,0,Claim
301,UNSC_2014_SPV.7138_spch005_sentsplit_France,There are minorities all over the world.,none,,1,Arg,1,Premise
302,UNSC_2014_SPV.7138_spch005_sentsplit_France,What would become of us if they became the pretext for any kind of adventure to be undertaken by an ambitious and enterprising neighbour?,none,,1,Arg,0,Claim
304,UNSC_2014_SPV.7138_spch005_sentsplit_France,The annexation goes beyond Ukraine.,none,,1,Arg,1,Premise
305,UNSC_2014_SPV.7138_spch005_sentsplit_France,It affects us all.,appreciation_positive,It affects us all.,1,Arg,1,Premise
306,UNSC_2014_SPV.7138_spch005_sentsplit_France,The veto should be a defeat for Russia alone.,none,,1,Arg,0,Claim
307,UNSC_2014_SPV.7138_spch005_sentsplit_France,It should not take us with it.,none,,1,Arg,0,Claim
308,UNSC_2014_SPV.7138_spch005_sentsplit_France,"We must remain steadfast in our commitment to the principles it embodies, which are at the heart of the Charter of the United Nations, are our best defence against the return of a past in which Russian aggression against Ukraine emerges.",judgement_positive,We must remain steadfast,1,Arg,0,Claim
309,UNSC_2014_SPV.7138_spch007_sentsplit_Lithuania,"My delegation is profoundly troubled by Russia's veto of the draft resolution (S/2014/189) on the illegality of the referendum in Crimea, and we are worried about its consequences for the future of peace and security in the region and internationally.",affect_negative,profoundly troubled,1,Arg,0,Claim
310,UNSC_2014_SPV.7138_spch007_sentsplit_Lithuania,"On 31 May 1997 in a ceremony at the monument of the Liberator Soldier in Kiev, the late President of Russia, Boris Yeltsin, during his historic visit to Ukraine solemnly declared, ""Ukraine is an independent country, and we will hold this promise sacred"".",none,,1,Arg,1,Premise
311,UNSC_2014_SPV.7138_spch007_sentsplit_Lithuania,"Russia ""does not lay claim on any part of Ukraine or on any of its cities"".",none,,1,Arg,1,Premise
312,UNSC_2014_SPV.7138_spch007_sentsplit_Lithuania,"And yet, in defiance to the Budapest Memorandum, whereby the Russian Federation reaffirmed its obligation to refrain from the threat or use of force against the territorial integrity or political independence of Ukraine, contrary to the Treaty on Friendship, Cooperation, and Partnership between Ukraine and the Russian Federation of 1997, which affirms that both countries agree to respect each other's territorial integrity and confirm the viability ofthe borders existing between them, and in violation of the obligations and commitments undertaken by Russia during its accession to key regional and international organizations, Ukraine is about to be carved up.",none,,1,Arg,1,Premise
313,UNSC_2014_SPV.7138_spch007_sentsplit_Lithuania,"While the United Nations, the Organization for Security and Cooperation in Europe, the Council of Europe and individual world leaders have been trying hard in the past few weeks to get Russia to engage with Ukrainian authorities in order to avoid a veritable crisis over Crimea, and while the Ukrainian authorities repeated their readiness to accept international monitors and mediation efforts, Russian troops and equipment were being amassed in Crimea, accompanied by aggressive anti-Ukrainian propaganda and hurried anti-constitutional acts by the Crimean Parliament to prepare the ground for an illegal referendum and eventual annexation of Crimea by Russia.",appreciation_negative,crisis,1,Arg,1,Premise
314,UNSC_2014_SPV.7138_spch007_sentsplit_Lithuania,"Tomorrow a farce of a referendum will be held, in flagrant violation of the Ukraine and Crimean Constitutions and international law.",appreciation_negative,farce,1,Arg,0,Claim
315,UNSC_2014_SPV.7138_spch007_sentsplit_Lithuania,"The historical inhabitants of the peninsula, the Crimean Tartars, who see their future in and with Ukraine, said they would boycott this illegal happening.",appreciation_negative,illegal happening.,1,Arg,1,Premise
316,UNSC_2014_SPV.7138_spch007_sentsplit_Lithuania,"All others who care for the sovereignty and indivisibility of the country, including Crimea's Ukrainians, will be left voiceless by this hastily concocted plebiscite, because the ""yes"" option to Crimea's future in Ukraine is simply not on the ballot.",none,,1,Arg,0,Claim
317,UNSC_2014_SPV.7138_spch007_sentsplit_Lithuania,Our Russian colleague has spoken about self-determination and the independence of Crimea.,none,,1,Arg,1,Premise
318,UNSC_2014_SPV.7138_spch007_sentsplit_Lithuania,"Let me quote the self-proclaimed Prime Minister of Crimea, Aksyonov: ""No, we will not have independence"", he said to the press,""Crimea shouldjoin Russia"", and it may happen in the next week or so.",none,,1,Arg,1,Premise
319,UNSC_2014_SPV.7138_spch007_sentsplit_Lithuania,"It is in that context that the Council has voted for a draft resolution condemning the illegal referendum in Crimea, saying yes to the non-use of force in relations between the States; yes to the sovereignty, territorial integrity, inviolability and political independence of Ukraine, and by way of extension, of any sovereign State.",appreciation_negative,illegal referendum,1,Arg,1,Premise
320,UNSC_2014_SPV.7138_spch007_sentsplit_Lithuania,"My country's yes to the draft resolution is a yes to non-aggression, to a nation's free choice of its destiny and its alliances, to democracy, to the rule of law and to the internationally accepted rules of behaviour based on the norms and principles of international law.",none,,1,Arg,0,Claim
321,UNSC_2014_SPV.7138_spch007_sentsplit_Lithuania,Today's veto is not business as usual.,none,,1,Arg,0,Claim
322,UNSC_2014_SPV.7138_spch007_sentsplit_Lithuania,"By vetoing the draft resolution, built on the core tenants of the Charter of the United Nations, which clearly states that ""All members shall refrain in their international relations from the threat or use of force against the territorial integrity of political independence of any State, or in any other manner inconsistent for the Purposes of the United Nations"" and that ""The parties to any dispute, the continuance of which is likely to endanger the maintenance of international peace and security, shall, first of all, seek a solution by negotiation, enquiry, mediation, conciliation, arbitration, judicial settlement, resort to regional agencies or arrangements or other peaceful means of their own choice"".",none,,1,Arg,1,Premise
323,UNSC_2014_SPV.7138_spch007_sentsplit_Lithuania,"The Russian Federation is challenging the very principles on which this Organization, the United Nations, is built and which supported the international system for the past seven decades.",judgement_negative,is challenging the very principles on which this Organization,1,Arg,0,Claim
324,UNSC_2014_SPV.7138_spch007_sentsplit_Lithuania,We deplore this veto.,affect_negative,We deplore,1,Arg,0,Claim
325,UNSC_2014_SPV.7138_spch007_sentsplit_Lithuania,"The world cannot allow a repetition of 1956, 1968 or 2008 in Europe.",none,,1,Arg,0,Claim
326,UNSC_2014_SPV.7138_spch007_sentsplit_Lithuania,"We call on all Member States and regional and international organizations not to recognize the results of the referendum in Crimea and not to recognize any alteration of the status of Crimea carried out in clear and obvious violation of the Constitution of Ukraine, a United Nations founding Member.",judgement_positive,We call on,1,Arg,0,Claim
327,UNSC_2014_SPV.7138_spch007_sentsplit_Lithuania,We call on Russia to disown the illegal referendum in Crimea.,appreciation_negative,illegal referendum,1,Arg,0,Claim
328,UNSC_2014_SPV.7138_spch007_sentsplit_Lithuania,"International observers, monitors and mediators have been invited by the Ukrainian Government and must be allowed to do their job.",judgement_positive,must be allowed,1,Arg,1,Premise
329,UNSC_2014_SPV.7138_spch007_sentsplit_Lithuania,"We also urge Russia to reaffirm its treaty obligations vis-a-vis Ukraine, including respect for its sovereignty, territorial integrity and political independence, and to withdraw without delay its armed forces to the areas of their permanent stations.",judgement_positive,We also urge,1,Arg,0,Claim
330,UNSC_2014_SPV.7138_spch007_sentsplit_Lithuania,Only political dialogue and full respect of the Charter of the United Nations and international law can put an end to the crisis and prevent further bloodshed.,appreciation_negative,crisis,1,Arg,0,Claim
331,UNSC_2014_SPV.7138_spch011_sentsplit_Argentina,The delegation of Argentina believes that there is not much sense in making declarations about future events and hypothetical consequences.,affect_positive,believes that,1,Arg,1,Premise
332,UNSC_2014_SPV.7138_spch011_sentsplit_Argentina,"However, we voted for the draft resolution contained in document S/2014/189 because it reasserts the primacy of the principle of territorial integrity.",none,,1,Arg,1,Premise
333,UNSC_2014_SPV.7138_spch011_sentsplit_Argentina,We did so in the hope that the draft resolution could contribute to promoting constructive dialogue in Ukraine and a search for solutions through peaceful means and which includes all political and social actors who today disagree.,affect_positive,in the hope,1,Arg,0,Claim
334,UNSC_2014_SPV.7138_spch011_sentsplit_Argentina,We trust that all the parties in Ukraine will refrain from unilateral action that could hamper dialogue or obviate opportunities for a peaceful and negotiated solution.,affect_positive,We trust that,1,Arg,0,Claim
335,UNSC_2014_SPV.7138_spch011_sentsplit_Argentina,We believe that it is for the Ukrainians to manage their internal affairs and to interpret those actions.,affect_positive,We believe that,1,Arg,0,Claim
336,UNSC_2014_SPV.7138_spch011_sentsplit_Argentina,It is not for the Security Council to define this situation.,none,,1,Arg,0,Claim
337,UNSC_2014_SPV.7138_spch011_sentsplit_Argentina,Our responsibility is to maintain international peace and security.,none,,1,Arg,0,Claim
338,UNSC_2014_SPV.7138_spch011_sentsplit_Argentina,"We therefore hope that all countries will respect the principle of non-interference in internal affairs and uphold their commitment to act strictly in compliance with international law and the Charter of the United Nations, with the goal of achieving a peaceful solution in the country.",affect_positive,We therefore hope,1,Arg,0,Claim
339,UNSC_2014_SPV.7138_spch014_sentsplit_Nigeria,"Nigeria voted in favour of the draft resolution contained in document S/2014/ 189 because it reflects the principles embodied in the Charter of the United Nations, which obliges all States to refrain in their international relations from the threat or use of force against the territorial integrity or political independence of any Member State.",affect_positive,voted in favour,1,Arg,1,Premise
340,UNSC_2014_SPV.7138_spch014_sentsplit_Nigeria,The United Nations Charter also obliges States to settle their disputes by peaceful means.,none,,1,Arg,1,Premise
341,UNSC_2014_SPV.7138_spch014_sentsplit_Nigeria,"All throughout the crisis in Ukraine, Nigeria has consistently and unequivocally called on all concerned to abide by those principles in the interests of international peace and security.",appreciation_negative,crisis,1,Arg,0,Claim
342,UNSC_2014_SPV.7138_spch014_sentsplit_Nigeria,"The draft resolution, which is not a country-specific draft resolution but one that underscores universally agreed principles and the sanctity of international law, also mentions the Budapest Memorandum of 1994, which provides a framework within which the crisis could be peacefully resolved.",appreciation_negative,crisis,1,Arg,1,Premise
343,UNSC_2014_SPV.7138_spch014_sentsplit_Nigeria,"We have consistently called for dialogue, mediation, restraint and an end to hostile rhetoric.",appreciation_negative,hostile rhetoric.,1,Arg,0,Claim
344,UNSC_2014_SPV.7138_spch014_sentsplit_Nigeria,"Therefore, Nigeria is fundamentally opposed to the threat or use of force in settling international disputes.",affect_negative,fundamentally opposed,1,Arg,0,Claim
345,UNSC_2014_SPV.7138_spch014_sentsplit_Nigeria,"The lessons of history are not far-fetched, and we remain vigilant that the mistakes of history not be repeated by those alive today.",judgement_positive,remain vigilant that the mistakes of history not be repeated,1,Arg,0,Claim
346,UNSC_2014_SPV.7138_spch014_sentsplit_Nigeria,"Nigeria has consistently advocated for mediation and the pacific settlement of disputes, including territorial disputes.",none,,1,Arg,1,Premise
347,UNSC_2014_SPV.7138_spch014_sentsplit_Nigeria,Our willing submission to the rule of the International Court of Justice in our dispute with the Republic of Cameroon should serve as a beacon and an inspiration to law-abiding nations.,none,,1,Arg,0,Claim
348,UNSC_2014_SPV.7138_spch014_sentsplit_Nigeria,Nigeria is vehemently opposed to unilateral secession or forceful excision of territory designed to alter the configuration of States in their internationally recognized boundaries.,affect_negative,is vehemently opposed to,1,Arg,0,Claim
349,UNSC_2014_SPV.7138_spch014_sentsplit_Nigeria,"Standing on that fundamental principle, Nigeria is opposed to any unilateral declaration by a component part of a State that will alter the configuration of the State to which it appropriately belongs.",affect_negative,is opposed to,1,Arg,0,Claim
350,UNSC_2014_SPV.7138_spch014_sentsplit_Nigeria,It is therefore needless to restate that the impending referendum in Crimea is not in consonance with the Constitution of Ukraine.,judgement_negative,It is therefore needless to restate,1,Arg,0,Claim
351,UNSC_2014_SPV.7138_spch014_sentsplit_Nigeria,The consequences of any defiance are better imagined than described.,none,,1,Arg,0,Claim
